<?xml version="1.0"?>
<!DOCTYPE modification SYSTEM "http://www.simplemachines.org/xml/modification">
<modification xmlns="http://www.simplemachines.org/xml/modification" xmlns:smf="http://www.simplemachines.org/">
<id>Resourcez:TreasurySMF</id>
<version>2.03</version>

<file name="$languagedir/Modifications.english.php">
	<operation>
		<search position="after"><![CDATA[
?>]]></search>
		<add><![CDATA[
//Begin SMF Treasury Text
$txt['treasury_menu'] = 'Donations';
$txt['treasury_admin'] = 'Treasury';
//End SMF Treasury Text			
]]></add>
	</operation>
</file>

<file name="$languagedir/Modifications.english-utf8.php" error="skip">
	<operation>
		<search position="after"><![CDATA[
?>]]></search>
		<add><![CDATA[
//Begin SMF Treasury Text
$txt['treasury_menu'] = 'Donations';
$txt['treasury_admin'] = 'Treasury';
//End SMF Treasury Text			
]]></add>
	</operation>
</file>

<file name="$languagedir/Who.english.php">
	<operation>
		<search position="after"><![CDATA[
?>]]></search>
		<add><![CDATA[
//Begin SMF Treasury Strings
$txt['whoall_treasury'] = 'Viewing <a href="' . $scripturl . '?action=treasury">Treasury</a>';
//END SMF Treasury Strings			
]]></add>
	</operation>
</file>

<file name="$languagedir/Who.english-utf8.php" error="skip">
	<operation>
		<search position="after"><![CDATA[
?>]]></search>
		<add><![CDATA[
//Begin SMF Treasury Strings
$txt['whoall_treasury'] = 'Viewing <a href="' . $scripturl . '?action=treasury">Treasury</a>';
//END SMF Treasury Strings			
]]></add>
	</operation>
</file>

<file name="$boarddir/index.php">
	<operation>
		<search position="after"><![CDATA[// Is the forum in maintenance mode? (doesn't apply to administrators.)]]></search>
		<add><![CDATA[
	if ( !empty($modSettings['treasury_groupcheck']) && $modSettings['treasury_groupcheck'] < gmmktime() )
	{
		require_once($sourcedir . '/TreasuryUpdate.php');
		treasuryGroupCheck();
	}

	]]></add>
	</operation>
	<operation>
		<search position="before"><![CDATA['trackip' => array('Profile-View.php', 'trackIP'),]]></search>
		<add><![CDATA[
		'treasury' => array('Treasury.php', 'treasuryMain'),
		'treasuryadmin' => array('TreasuryAdmin.php', 'treasuryAdmin'),]]></add>
	</operation>
</file>

<file name="$sourcedir/ManagePermissions.php">
	<operation>
		<search position="before"><![CDATA[			'karma_edit' => array(false, 'general', 'moderate_general'),
]]></search>
		<add><![CDATA[			'view_treasury' => array(false, 'treasury', 'view_basic_info'),
			'admin_treasury' => array(false, 'treasury', 'administrate'),
]]></add>
	</operation>
</file>

<file name="$sourcedir/Subs.php">
	<operation>
		<search position="after"><![CDATA[			'login' => array(
				'title' => $txt['login'],
				'href' => $scripturl . '?action=login',
				'show' => $user_info['is_guest'],
				'sub_buttons' => array(
				),
			),
]]></search>
		<add><![CDATA[
			'treasury' => array(
				'title' => $txt['treasury_menu'],
				'href' => $scripturl . '?action=treasury',
				'show' => $context['allow_view_treasury'],
				'sub_buttons' => array(
				),
			),
		]]></add>
	</operation>
	<operation>
		<search position="before"><![CDATA[$context['allow_calendar'] = allowedTo('calendar_view') && !empty($modSettings['cal_enabled']);]]></search>
		<add><![CDATA[
		$context['allow_view_treasury'] = allowedTo('view_treasury');
		$context['allow_admin'] .= allowedTo('admin_treasury');
		]]></add>
	</operation>

</file>

<file name="$sourcedir/Admin.php">
	<operation>
		<search position="before"><![CDATA[	loadLanguage('Admin');]]></search>
	<add><![CDATA[	
		loadLanguage('Treasury');]]></add>
	</operation>
	<operation>
		<search position="before"><![CDATA[				'theme' => array(
					'label' => $txt['theme_admin'],
					'file' => 'Themes.php',
					'function' => 'ThemesMain',
					'custom_url' => $scripturl . '?action=admin;area=theme;sa=admin',
					'icon' => 'themes.gif',
					'subsections' => array(
						'admin' => array($txt['themeadmin_admin_title']),
						'list' => array($txt['themeadmin_list_title']),
						'reset' => array($txt['themeadmin_reset_title']),
						'edit' => array($txt['themeadmin_edit_title']),
					),
				),
]]></search>
		<add><![CDATA[				'treasury' => array(
					'label' => $txt['treasury_admin'],
					'file' => 'TreasuryAdmin.php',
					'function' => 'treasuryAdmin',
					'permission' => 'admin_treasury',
					'icon' => 'treasury.gif',
					'subsections' => array(
						'readme' => array($txt['treas_read_me']),
						'registry' => array($txt['treas_fin_register']),
						'donations' => array($txt['treas_donations']),
						'donortotals' => array($txt['treas_donor_totals']),
						'config' => array($txt['treas_main_config']),
						'configpaypal' => array($txt['treas_paypal_config']),
						'configblock' => array($txt['treas_block_config']),
						'configevents' => array($txt['treas_events']),
						'translog' => array($txt['treas_transaction_log']),
					),
				),]]></add>
	</operation>
</file>

</modification>