<?xml version="1.0"?>
<!DOCTYPE modification SYSTEM "http://www.simplemachines.org/xml/modification">

<modification xmlns="http://www.simplemachines.org/xml/modification" xmlns:smf="http://www.simplemachines.org/">
	<id>rsw:whosonline</id>
	<version>1.0</version>
	<file name="$themedir/Who.template.php">
		<operation>
			<search position="replace"><![CDATA[
		</tr>
		<tr class="catbg">]]></search>
			<add><![CDATA[
		</tr>';

	$show_by = $context['show_by'] == 'all' ? array('members', 'guests', 'spiders') : array($context['show_by']);

	foreach($show_by as $show)
	{
	$count = 0;

	echo '
		<tr class="catbg">]]></add>				
		</operation>	
	
		<operation>
			<search position="replace"><![CDATA[
			<td width="30%"><a href="' . $scripturl . '?action=who;start=', $context['start'], ';show=', $context['show_by'], ';sort=user', $context['sort_direction'] != 'down' && $context['sort_by'] == 'user' ? '' : ';asc', '">', $txt['who_user'], ' ', $context['sort_by'] == 'user' ? '<img src="' . $settings['images_url'] . '/sort_' . $context['sort_direction'] . '.gif" alt="" />' : '', '</a></td>]]></search>
			<add><![CDATA[
			<td width="30%"><a href="' . $scripturl . '?action=who;start=', $context['start'], ';show=', $context['show_by'], ';sort=user', $context['sort_direction'] != 'down' && $context['sort_by'] == 'user' ? '' : ';asc', '">', $txt['whosonline_' . $show], ' ', $context['sort_by'] == 'user' ? '<img src="' . $settings['images_url'] . '/sort_' . $context['sort_direction'] . '.gif" alt="" />' : '', '</a></td>]]></add>				
		</operation>

		<operation>
			<search position="before"><![CDATA[
	// For every member display their name, time and action (and more for admin).
	foreach ($context['members'] as $member)
	{
]]></search>
			<add><![CDATA[
		if($show == 'members' && $member['is_guest']) continue;
		if($show == 'guests' && !($member['is_guest'] && $member['id_spider'] == 0)) continue;
		if($show == 'spiders' && !($member['is_guest'] && $member['id_spider'] > 0)) continue;

		$count++;]]></add>
		</operation>

		<operation>
			<search position="replace"><![CDATA[
				(<a href="' . $scripturl . '?action=', ($member['is_guest'] ? 'trackip' : 'profile;sa=tracking;area=ip;u=' . $member['id']), ';searchip=' . $member['ip'] . '">' . $member['ip'] . '</a>)';]]></search>
			<add><![CDATA[
				', ($show != 'spiders') ? '<br />' : '', '<span class="smalltext">(<a href="' . $scripturl . '?action=', ($member['is_guest'] ? 'trackip' : 'profile;sa=tracking;area=ip;u=' . $member['id']), ';searchip=' . $member['ip'] . '">' . $member['ip'] . '</a>', ($show != 'spiders') ? ', ' . getAgent($member['query']['USER_AGENT']) : '', ')</span>';]]></add>				
		</operation>

		<operation>
			<search position="replace"><![CDATA[
	if (empty($context['members']))
		echo '
		<tr class="windowbg2">
			<td colspan="3" align="center">
				', $txt['who_no_online_' . ($context['show_by'] == 'guests' || $context['show_by'] == 'spiders' ? $context['show_by'] : 'members')], '
			</td>
		</tr>';]]></search>
			<add><![CDATA[
	if (empty($count))
		echo '
		<tr class="windowbg2">
			<td colspan="3" align="center">
				', $txt['who_no_online_' . $show], '
			</td>
		</tr>';
	}]]></add>				
		</operation>

		<operation>
			<search position="end" />
			<add><![CDATA[
function getAgent ($user_agent)
{
	$known_agents = array (
		// Spiders
		//array ('agent' => 'W3C_Validator', 'name' => 'W3C Validator'),
		//array ('agent' => 'Mediapartners-Google', 'name' => 'Google AdSense'),
		// Phones
		array ('agent' => 'Nokia'),
		array ('agent' => 'Samsung'),
		array ('agent' => 'Ericsson'),
		array ('agent' => 'Siemens'),
		array ('agent' => 'Motorola'),
		array ('agent' => 'BlackBerry'),
		// Browsers
		array ('agent' => 'Opera', 'version' => '/opera/i'),
		array ('agent' => 'Firefox', 'version' => '/firefox\//i'),
		array ('agent' => 'Firebird'),
		array ('agent' => 'Safari'),
		array ('agent' => 'Google Desktop'),
		array ('agent' => 'Netscape'),
		array ('agent' => 'MyIE2'),
		array ('agent' => 'Konqueror'),
		array ('agent' => 'Galeon'),
		array ('agent' => 'KMeleon'),
		array ('agent' => 'NG/2.0'),
		array ('agent' => 'Gecko', 'name' => 'Mozilla'),
		array ('agent' => 'MSIE', 'name' => 'IE', 'version' => '/msie/i'),
	);

	foreach($known_agents as $agent)
		if (strpos(strtolower($user_agent), strtolower($agent['agent'])) !== false)
		{	
			$browser = isset($agent['name']) ? $agent['name'] : $agent['agent'];
			$version = isset($agent['version']) ? preg_split($agent['version'], $user_agent) : false;
			
			return $version ? $browser . ' ' . floatval($version[1]) : $browser;
		}

	return $user_agent;
}]]></add>
		</operation>
	</file>

	<file name="$languagedir/Modifications.english.php">
		<operation>
			<search position="end" />
			<add><![CDATA[
$txt['whosonline_members'] = 'Members';
$txt['whosonline_guests'] = 'Guests';
$txt['whosonline_spiders'] = 'Spiders';]]></add>
		</operation>
	</file>
</modification>
