<?xml version="1.0"?>
<!DOCTYPE package-info SYSTEM "http://www.simplemachines.org/xml/package-info">

<package-info xmlns="http://www.simplemachines.org/xml/package-info" xmlns:smf="http://www.simplemachines.org/">
	<id>rsw:whosonline</id>
	<name>Grouped Who's Online</name>
	<version>1.0</version>
	<type>modification</type>
	<install>
		<modification format="xml" type="file">install.xml</modification>
	</install>
	<uninstall>
		<modification reverse="true">install.xml</modification>
	</uninstall>
</package-info>
