<?xml version="1.0"?>
<!DOCTYPE modification SYSTEM "http://www.simplemachines.org/xml/modification">
<!-- - - - - - - - - - - - - - - - - - - - - - - - - - - - - - - - - - - - - - -
        This is an example modification file for SMF packages.

        ATTENTION: If you are trying to install this manually, you should try
        the package manager.  If it will not work for you, please take a look
        at the following for information on this format:
                http://mods.simplemachines.org/docs/manual-install.php

================================================================================

        Modification files can be used to modify files so that they do what
        your package needs them to do to work properly.

 - - - - - - - - - - - - - - - - - - - - - - - - - - - - - - - - - - - - - - -->

<modification xmlns="http://www.simplemachines.org/xml/modification" xmlns:smf="http://www.simplemachines.org/">
        <!-- This information needs to be the same as that in the package-info.xml. -->
        <id>Anthony:PJIRC</id>
        <version>1.2</version>
        <file name="$sourcedir/Subs.php">
            <operation>
                <search position="before"><![CDATA[
			'home' => array(
				'title' => $txt['home'],
				'href' => $scripturl,
				'show' => true,
				'sub_buttons' => array(
				),
			),
]]></search>
                        <!-- Add this text when we find it.  Note that it's on it's own line on purpose, and the CDATA keeps things clean. -->
                        <add><![CDATA[
			'chat' => array(
				'title' => $txt['chat'],
				'href' => $scripturl . '?action=chat',
				'show' => true,
				'sub_buttons' => array(
				),
			),
]]></add>
               </operation>
        </file>
        <file name="$languagedir/index.english.php">
                <!-- A seach operation, with search rules and code to modify the file with. -->
                <operation>
                        <!-- Search for this text before the code we add.  You can also search for after, and the end of the file. -->
                        <search position="before"><![CDATA[
$txt['home'] = 'Home';
]]></search>
                        <!-- Add this text when we find it.  Note that it's on it's own line on purpose, and the CDATA keeps things clean. -->
                        <add><![CDATA[
$txt['chat'] = 'IRC Chat';
]]></add>
               </operation>
        </file>
        <file name="$languagedir/Who.english.php">
<operation>
			<search position="before"><![CDATA[
$txt['who_no_online_members'] = 'There are currently no members online.';
]]></search>
			<add><![CDATA[
$txt['whoall_chat'] = 'IRC Chat';
]]></add>
               </operation>
</file>
<file name="$languagedir/ManageSettings.english.php">
<operation>
			<search position="after"><![CDATA[
$txt['make_email_viewable'] = 'Allow viewable email addresses.';
]]></search>
			<add><![CDATA[
$txt['irc_page_title'] = 'IRC pages page title.';
$txt['irc_server'] = 'IRC server to connect to';
$txt['irc_channel'] = 'IRC Channel to connect to<div id="smalltext">(Without the starting #)</div>';
$txt['irc_quit_msg'] = 'The quit message!';
]]></add>
               </operation>
</file>
 <file name="$boarddir/index.php">
                <operation>
                        <search position="before"><![CDATA[
		'calendar' => array('Calendar.php', 'CalendarMain'),
]]></search>
                        <add><![CDATA[
		'chat' => array('Chat.php', 'Chat'),
]]></add>
               </operation>
        </file>
 <file name="$sourcedir/ManageSettings.php">
 				<operation>
 					<search position="after"><![CDATA[
		'layout' => 'ModifyLayoutSettings',
]]></search>
					<add><![CDATA[
		'chat' => 'ModifyChatSettings',
]]></add>
				</operation>
                <operation>
                        <search position="after"><![CDATA[
function ModifyLayoutSettings($return_config = false)]]></search>
                        <add><![CDATA[
		
// IRC Chat Settings
function ModifyChatSettings($return_config = false)
{
	global $txt, $scripturl, $context, $settings, $sc;

	$config_vars = array(
		array('text', 'irc_page_title'),
		array('text', 'irc_server'),
		array('text', 'irc_channel'),
		array('text', 'irc_quit_msg'),
	);

	if ($return_config)
		return $config_vars;

	// Saving?
	if (isset($_GET['save']))
	{
		checkSession();

		saveDBSettings($config_vars);
		writeLog();

		redirectexit('action=admin;area=featuresettings;sa=chat');
	}

	$context['post_url'] = $scripturl . '?action=admin;area=featuresettings;save;sa=chat';
	$context['settings_title'] = $txt['ChatHeadline'];

	prepareDBSettingContext($config_vars);
}
]]></add>
               </operation>
        </file>
		<file name="$languagedir/Help.english.php">
                <operation>
                        <search position="after"><![CDATA[
$helptxt['chmod_flags'] = 'You can manually set the permissions you wish to set the selected files to. To do this enter the chmod value as a numeric (octet) value. Note - these flags will have no effect on Microsoft Windows operating systems.';
]]></search>
                        <add><![CDATA[
$helptxt['irc_page_title'] = 'The page title for the IRC chat page.';
$helptxt['irc_server'] = 'The server you want your users to connect to.';
$helptxt['irc_channel'] = 'The channel you want your users to connect to.';
$helptxt['irc_quit_msg'] = 'The msg to say when a user quits the irc.';
]]></add>
               </operation>
        </file>
        <file name="$sourcedir/Admin.php">
                <operation>
                        <search position="after"><![CDATA[
						'layout' => array($txt['mods_cat_layout']),
]]></search>
                        <add><![CDATA[
						'chat' => array($txt['ChatHeadline']),
]]></add>
               </operation>
        </file>
        <file name="$languagedir/Admin.english.php">
                <operation>
                        <search position="after"><![CDATA[
$txt['mods_cat_layout'] = 'Layout';
]]></search>
                        <add><![CDATA[
$txt['ChatHeadline'] = 'IRC Chat';
]]></add>
               </operation>
        </file>
</modification>
