﻿<?xml version="1.0"?>
<!DOCTYPE modification SYSTEM "http://www.simplemachines.org/xml/modification">
<modification xmlns="http://www.simplemachines.org/xml/modification" xmlns:smf="http://www.simplemachines.org/">
	<name>Referrals Mod</name>
	<id>yodaofdarkness:referrals</id>
	<version>2.2.7.1</version>

	<file name="$languagedir/Modifications.english.php">
		<operation>
			<search position="end" />
			<add><![CDATA[
$txt['referrals_findreferrer'] = 'Find Referrer';
$txt['referrals_who'] = 'Referral Information:';
$txt['referrals_who_description'] = 'Did someone refer you to this site?';
$txt['referrals_on'] = 'On';
$txt['referrals_referrer_not_found'] = 'The referring user could not be found. Please double-check the name of the referrer. Or leave it blank.';
$txt['referrals_youwerereferred_by'] = 'By';
$txt['referrals_referrals'] = 'Referrals:';
$txt['referrals_referrals_hits'] = 'Referral Link Hits:';
$txt['referrals_noneyet'] = 'None Yet!';
$txt['referrals_top5referrers'] = 'Top 5 Referrers (By Referrals)';
$txt['referrals_top5referrersbyposts'] = 'Top 5 Referrers (By Referred Members Posts)';
$txt['referrals_referralsstats'] = 'Referrals';
$txt['referrals_referred_by'] = 'Referred By:';
$txt['referrals_link'] = 'Referrals Link:';
$txt['referrals_membersreferred'] = 'Members Referred';]]></add>
		</operation>
	</file>

	<file name="$languagedir/Modifications.english-utf8.php" error="skip">
		<operation>
			<search position="end" />
			<add><![CDATA[
$txt['referrals_findreferrer'] = 'Find Referrer';
$txt['referrals_who'] = 'Referral Information:';
$txt['referrals_who_description'] = 'Did someone refer you to this site?';
$txt['referrals_on'] = 'On';
$txt['referrals_referrer_not_found'] = 'The referring user could not be found. Please double-check the name of the referrer. Or leave it blank.';
$txt['referrals_youwerereferred_by'] = 'By';
$txt['referrals_referrals'] = 'Referrals:';
$txt['referrals_referrals_hits'] = 'Referral Link Hits:';
$txt['referrals_noneyet'] = 'None Yet!';
$txt['referrals_top5referrers'] = 'Top 5 Referrers (By Referrals)';
$txt['referrals_top5referrersbyposts'] = 'Top 5 Referrers (By Referred Members Posts)';
$txt['referrals_referralsstats'] = 'Referrals';
$txt['referrals_referred_by'] = 'Referred By:';
$txt['referrals_link'] = 'Referrals Link:';
$txt['referrals_membersreferred'] = 'Members Referred';]]></add>
		</operation>
	</file>

	<file name="$languagedir/Modifications.english_british.php" error="skip">
		<operation>
			<search position="end" />
			<add><![CDATA[
$txt['referrals_findreferrer'] = 'Find Referrer';
$txt['referrals_who'] = 'Referral Information:';
$txt['referrals_who_description'] = 'Did someone refer you to this site?';
$txt['referrals_on'] = 'On';
$txt['referrals_referrer_not_found'] = 'The referring user could not be found. Please double-check the name of the referrer. Or leave it blank.';
$txt['referrals_youwerereferred_by'] = 'By';
$txt['referrals_referrals'] = 'Referrals:';
$txt['referrals_referrals_hits'] = 'Referral Link Hits:';
$txt['referrals_noneyet'] = 'None Yet!';
$txt['referrals_top5referrers'] = 'Top 5 Referrers (By Referrals)';
$txt['referrals_top5referrersbyposts'] = 'Top 5 Referrers (By Referred Members Posts)';
$txt['referrals_referralsstats'] = 'Referrals';
$txt['referrals_referred_by'] = 'Referred By:';
$txt['referrals_link'] = 'Referrals Link:';
$txt['referrals_membersreferred'] = 'Members Referred';]]></add>
		</operation>
	</file>
	<file name="$languagedir/Modifications.english_british-utf8.php" error="skip">
		<operation>
			<search position="end" />
			<add><![CDATA[
$txt['referrals_findreferrer'] = 'Find Referrer';
$txt['referrals_who'] = 'Referral Information:';
$txt['referrals_who_description'] = 'Did someone refer you to this site?';
$txt['referrals_on'] = 'On';
$txt['referrals_referrer_not_found'] = 'The referring user could not be found. Please double-check the name of the referrer. Or leave it blank.';
$txt['referrals_youwerereferred_by'] = 'By';
$txt['referrals_referrals'] = 'Referrals:';
$txt['referrals_referrals_hits'] = 'Referral Link Hits:';
$txt['referrals_noneyet'] = 'None Yet!';
$txt['referrals_top5referrers'] = 'Top 5 Referrers (By Referrals)';
$txt['referrals_top5referrersbyposts'] = 'Top 5 Referrers (By Referred Members Posts)';
$txt['referrals_referralsstats'] = 'Referrals';
$txt['referrals_referred_by'] = 'Referred By:';
$txt['referrals_link'] = 'Referrals Link:';
$txt['referrals_membersreferred'] = 'Members Referred';]]></add>
		</operation>
	</file>
	<file name="$languagedir/Modifications.spanish.php" error="skip">
		<operation>
			<search position="end" />
			<add><![CDATA[
$txt['referrals_findreferrer'] = 'Buscar Recomendante';
$txt['referrals_who'] = 'Informaci&oacute;n de Recomendaci&oacute;n';
$txt['referrals_who_description'] = 'Alguien te recomend&oacute; este sitio?';
$txt['referrals_on'] = 'On';
$txt['referrals_referrer_not_found'] = 'El usuario que lo recomend&oacute; no pudo ser encontrado. Por favor verifique dos veces el nombre del reomendante. O d&eacute;jalo en blanco.';
$txt['referrals_youwerereferred_by'] = 'Por';
$txt['referrals_referrals'] = 'Recomendaciones:';
$txt['referrals_referrals_hits'] = 'Clicks en Link de Recomendaci&oacute;n:';
$txt['referrals_noneyet'] = 'Ninguno a&uacute;n!';
$txt['referrals_top5referrers'] = 'Top 5 Recomendantes (por Recomendaciones)';
$txt['referrals_top5referrersbyposts'] = 'Top 5 Recomendantes (por Posts de Miembros Recomendados)';
$txt['referrals_referralsstats'] = 'Recomendaciones';
$txt['referrals_referred_by'] = 'Recomendado por:';
$txt['referrals_link'] = 'Link de Recomendaciones:';
$txt['referrals_membersreferred'] = 'Miembros Recomendados';]]></add>
		</operation>
	</file>
	<file name="$languagedir/Modifications.spanish-utf8.php" error="skip">
		<operation>
			<search position="end" />
			<add><![CDATA[
$txt['referrals_findreferrer'] = 'Buscar Recomendante';
$txt['referrals_who'] = 'Informaci&oacute;n de Recomendaci&oacute;n';
$txt['referrals_who_description'] = 'Alguien te recomend&oacute; este sitio?';
$txt['referrals_on'] = 'On';
$txt['referrals_referrer_not_found'] = 'El usuario que lo recomend&oacute; no pudo ser encontrado. Por favor verifique dos veces el nombre del reomendante. O d&eacute;jalo en blanco.';
$txt['referrals_youwerereferred_by'] = 'Por';
$txt['referrals_referrals'] = 'Recomendaciones:';
$txt['referrals_referrals_hits'] = 'Clicks en Link de Recomendaci&oacute;n:';
$txt['referrals_noneyet'] = 'Ninguno a&uacute;n!';
$txt['referrals_top5referrers'] = 'Top 5 Recomendantes (por Recomendaciones)';
$txt['referrals_top5referrersbyposts'] = 'Top 5 Recomendantes (por Posts de Miembros Recomendados)';
$txt['referrals_referralsstats'] = 'Recomendaciones';
$txt['referrals_referred_by'] = 'Recomendado por:';
$txt['referrals_link'] = 'Link de Recomendaciones:';
$txt['referrals_membersreferred'] = 'Miembros Recomendados';]]></add>
		</operation>
	</file>
	<file name="$languagedir/Modifications.spanish_es.php" error="skip">
		<operation>
			<search position="end" />
			<add><![CDATA[
$txt['referrals_findreferrer'] = 'Buscar Recomendante';
$txt['referrals_who'] = 'Informaci&oacute;n de Recomendaci&oacute;n';
$txt['referrals_who_description'] = 'Alguien te recomend&oacute; este sitio?';
$txt['referrals_on'] = 'On';
$txt['referrals_referrer_not_found'] = 'El usuario que lo recomend&oacute; no pudo ser encontrado. Por favor verifique dos veces el nombre del reomendante. O d&eacute;jalo en blanco.';
$txt['referrals_youwerereferred_by'] = 'Por';
$txt['referrals_referrals'] = 'Recomendaciones:';
$txt['referrals_referrals_hits'] = 'Clicks en Link de Recomendaci&oacute;n:';
$txt['referrals_noneyet'] = 'Ninguno a&uacute;n!';
$txt['referrals_top5referrers'] = 'Top 5 Recomendantes (por Recomendaciones)';
$txt['referrals_top5referrersbyposts'] = 'Top 5 Recomendantes (por Posts de Miembros Recomendados)';
$txt['referrals_referralsstats'] = 'Recomendaciones';
$txt['referrals_referred_by'] = 'Recomendado por:';
$txt['referrals_link'] = 'Link de Recomendaciones:';
$txt['referrals_membersreferred'] = 'Miembros Recomendados';]]></add>
		</operation>
	</file>
	<file name="$languagedir/Modifications.spanish_es-utf8.php" error="skip">
		<operation>
			<search position="end" />
			<add><![CDATA[
$txt['referrals_findreferrer'] = 'Buscar Recomendante';
$txt['referrals_who'] = 'Informaci&oacute;n de Recomendaci&oacute;n';
$txt['referrals_who_description'] = 'Alguien te recomend&oacute; este sitio?';
$txt['referrals_on'] = 'On';
$txt['referrals_referrer_not_found'] = 'El usuario que lo recomend&oacute; no pudo ser encontrado. Por favor verifique dos veces el nombre del reomendante. O d&eacute;jalo en blanco.';
$txt['referrals_youwerereferred_by'] = 'Por';
$txt['referrals_referrals'] = 'Recomendaciones:';
$txt['referrals_referrals_hits'] = 'Clicks en Link de Recomendaci&oacute;n:';
$txt['referrals_noneyet'] = 'Ninguno a&uacute;n!';
$txt['referrals_top5referrers'] = 'Top 5 Recomendantes (por Recomendaciones)';
$txt['referrals_top5referrersbyposts'] = 'Top 5 Recomendantes (por Posts de Miembros Recomendados)';
$txt['referrals_referralsstats'] = 'Recomendaciones';
$txt['referrals_referred_by'] = 'Recomendado por:';
$txt['referrals_link'] = 'Link de Recomendaciones:';
$txt['referrals_membersreferred'] = 'Miembros Recomendados';]]></add>
		</operation>
	</file>
	<file name="$languagedir/Modifications.spanish_latin.php" error="skip">
		<operation>
			<search position="end" />
			<add><![CDATA[
$txt['referrals_findreferrer'] = 'Buscar Recomendante';
$txt['referrals_who'] = 'Informaci&oacute;n de Recomendaci&oacute;n';
$txt['referrals_who_description'] = 'Alguien te recomend&oacute; este sitio?';
$txt['referrals_on'] = 'On';
$txt['referrals_referrer_not_found'] = 'El usuario que lo recomend&oacute; no pudo ser encontrado. Por favor verifique dos veces el nombre del reomendante. O d&eacute;jalo en blanco.';
$txt['referrals_youwerereferred_by'] = 'Por';
$txt['referrals_referrals'] = 'Recomendaciones:';
$txt['referrals_referrals_hits'] = 'Clicks en Link de Recomendaci&oacute;n:';
$txt['referrals_noneyet'] = 'Ninguno a&uacute;n!';
$txt['referrals_top5referrers'] = 'Top 5 Recomendantes (por Recomendaciones)';
$txt['referrals_top5referrersbyposts'] = 'Top 5 Recomendantes (por Posts de Miembros Recomendados)';
$txt['referrals_referralsstats'] = 'Recomendaciones';
$txt['referrals_referred_by'] = 'Recomendado por:';
$txt['referrals_link'] = 'Link de Recomendaciones:';
$txt['referrals_membersreferred'] = 'Miembros Recomendados';

]]></add>
		</operation>
	</file>
	<file name="$languagedir/Modifications.spanish_latin-utf8.php" error="skip">
		<operation>
			<search position="end" />
			<add><![CDATA[
$txt['referrals_findreferrer'] = 'Buscar Recomendante';
$txt['referrals_who'] = 'Informaci&oacute;n de Recomendaci&oacute;n';
$txt['referrals_who_description'] = 'Alguien te recomend&oacute; este sitio?';
$txt['referrals_on'] = 'On';
$txt['referrals_referrer_not_found'] = 'El usuario que lo recomend&oacute; no pudo ser encontrado. Por favor verifique dos veces el nombre del reomendante. O d&eacute;jalo en blanco.';
$txt['referrals_youwerereferred_by'] = 'Por';
$txt['referrals_referrals'] = 'Recomendaciones:';
$txt['referrals_referrals_hits'] = 'Clicks en Link de Recomendaci&oacute;n:';
$txt['referrals_noneyet'] = 'Ninguno a&uacute;n!';
$txt['referrals_top5referrers'] = 'Top 5 Recomendantes (por Recomendaciones)';
$txt['referrals_top5referrersbyposts'] = 'Top 5 Recomendantes (por Posts de Miembros Recomendados)';
$txt['referrals_referralsstats'] = 'Recomendaciones';
$txt['referrals_referred_by'] = 'Recomendado por:';
$txt['referrals_link'] = 'Link de Recomendaciones:';
$txt['referrals_membersreferred'] = 'Miembros Recomendados';]]></add>
		</operation>
	</file>

	<file name="$languagedir/Modifications.spanish-utf8.php" error="skip">
		<operation>
			<search position="end" />
			<add><![CDATA[
$txt['referrals_findreferrer'] = 'Buscar Recomendante';
$txt['referrals_who'] = 'Informaci&oacute;n de Recomendaci&oacute;n';
$txt['referrals_who_description'] = 'Alguien te recomend&oacute; este sitio?';
$txt['referrals_on'] = 'On';
$txt['referrals_referrer_not_found'] = 'El usuario que lo recomend&oacute; no pudo ser encontrado. Por favor verifique dos veces el nombre del reomendante. O d&eacute;jalo en blanco.';
$txt['referrals_youwerereferred_by'] = 'Por';
$txt['referrals_referrals'] = 'Recomendaciones:';
$txt['referrals_referrals_hits'] = 'Clicks en Link de Recomendaci&oacute;n:';
$txt['referrals_noneyet'] = 'Ninguno a&uacute;n!';
$txt['referrals_top5referrers'] = 'Top 5 Recomendantes (por Recomendaciones)';
$txt['referrals_top5referrersbyposts'] = 'Top 5 Recomendantes (por Posts de Miembros Recomendados)';
$txt['referrals_referralsstats'] = 'Recomendaciones';
$txt['referrals_referred_by'] = 'Recomendado por:';
$txt['referrals_link'] = 'Link de Recomendaciones:';
$txt['referrals_membersreferred'] = 'Miembros Recomendados';]]></add>
		</operation>
	</file>

	<file name="$languagedir/Modifications.spanish.php" error="skip">
		<operation>
			<search position="end" />
			<add><![CDATA[
$txt['referrals_findreferrer'] = 'Buscar Recomendante';
$txt['referrals_who'] = 'Informaci—n de Recomendaci—n';
$txt['referrals_who_description'] = 'Alguien te recomend— este sitio?';
$txt['referrals_on'] = 'On';
$txt['referrals_referrer_not_found'] = 'El usuario que lo recomend— no pudo ser encontrado. Por favor verifique dos veces el nombre del reomendante. O dŽjalo en blanco.';
$txt['referrals_youwerereferred_by'] = 'Por';
$txt['referrals_referrals'] = 'Recomendaciones:';
$txt['referrals_referrals_hits'] = 'Clicks en Link de Recomendaci—n:';
$txt['referrals_noneyet'] = 'Ninguno aœn!';
$txt['referrals_top5referrers'] = 'Top 5 Recomendantes (por Recomendaciones)';
$txt['referrals_top5referrersbyposts'] = 'Top 5 Recomendantes (por Posts de Miembros Recomendados)';
$txt['referrals_referralsstats'] = 'Recomendaciones';
$txt['referrals_referred_by'] = 'Recomendado por:';
$txt['referrals_link'] = 'Link de Recomendaciones:';
$txt['referrals_membersreferred'] = 'Miembros Recomendados';]]></add>
		</operation>
	</file>

	<file name="$languagedir/Modifications.portuguese_pt.php" error="skip">
		<operation>
			<search position="end" />
			<add><![CDATA[
$txt['referrals_findreferrer'] = 'Encontrar quem Referiu';
$txt['referrals_who'] = 'Informao de quem Referiu:';
$txt['referrals_who_description'] = 'Algum membro te referiu o portal?';
$txt['referrals_on'] = 'On';
$txt['referrals_referrer_not_found'] = 'O nome que introduziu no existe. Por favor verifica se est escrito correctamente ou ento deixa em branco.';
$txt['referrals_youwerereferred_by'] = 'Por';
$txt['referrals_referrals'] = 'Referimentos:';
$txt['referrals_referrals_hits'] = 'Cliques nos Referimentos:';
$txt['referrals_noneyet'] = 'Ainda no!';
$txt['referrals_top5referrers'] = 'Top 5 Referimentos';
$txt['referrals_top5referrersbyposts'] = 'Top 5 Referidores';
$txt['referrals_referralsstats'] = 'Referimentos';
$txt['referrals_referred_by'] = 'Referido por:';
$txt['referrals_link'] = 'Link dos Referimentos:';
$txt['referrals_membersreferred'] = 'Membros Referidos';]]></add>
		</operation>
	</file>

	<file name="$languagedir/Modifications.portuguese_pt-utf8.php" error="skip">
		<operation>
			<search position="end" />
			<add><![CDATA[
$txt['referrals_findreferrer'] = 'Encontrar quem Referiu';
$txt['referrals_who'] = 'Informao de quem Referiu:';
$txt['referrals_who_description'] = 'Algum membro te referiu o portal?';
$txt['referrals_on'] = 'On';
$txt['referrals_referrer_not_found'] = 'O nome que introduziu no existe. Por favor verifica se est escrito correctamente ou ento deixa em branco.';
$txt['referrals_youwerereferred_by'] = 'Por';
$txt['referrals_referrals'] = 'Referimentos:';
$txt['referrals_referrals_hits'] = 'Cliques nos Referimentos:';
$txt['referrals_noneyet'] = 'Ainda no!';
$txt['referrals_top5referrers'] = 'Top 5 Referimentos';
$txt['referrals_top5referrersbyposts'] = 'Top 5 Referidores';
$txt['referrals_referralsstats'] = 'Referimentos';
$txt['referrals_referred_by'] = 'Referido por:';
$txt['referrals_link'] = 'Link dos Referimentos:';
$txt['referrals_membersreferred'] = 'Membros Referidos';]]></add>
		</operation>
	</file>

	<file name="$languagedir/Modifications.arabic-utf8.php" error="skip">
		<operation>
			<search position="end" />
			<add><![CDATA[   
$txt['referrals_findreferrer'] = 'إبحث عن عضو';
$txt['referrals_who'] = 'الإحالات/الدعوات:';
$txt['referrals_who_description'] = 'إذا كنت تلقيت دعوه للتسجيل في هذا المنتدى من قبل عضو حالي , أدخل اسمه هنا.';
$txt['referrals_on'] = 'فى';
$txt['referrals_referrer_not_found'] = 'العضو الذى تبحث عنه غير موجود';
$txt['referrals_youwerereferred_by'] = 'بواسطة';
$txt['referrals_referrals'] = 'دعوات :';
$txt['referrals_referrals_hits'] = 'عدد زيارات رابط الدعوه الخاص بك:';
$txt['referrals_noneyet'] = 'ليس بعد!';
$txt['referrals_top5referrers'] = 'أعلى 5 داعين (حسب الإحالات)';
$txt['referrals_top5referrersbyposts'] = 'أعلى 5 داعين (حسب مشاركات المدعوين)';
$txt['referrals_referralsstats'] = 'دعوات';
$txt['referrals_referred_by'] = 'دعية بواسطة:';
$txt['referrals_link'] = 'رابط الاحاله/الدعوه الخاص بك:';
$txt['referrals_membersreferred'] = 'إحالات الأعضاء';]]></add>
		</operation>
	</file>

	<file name="$languagedir/Modifications.dutch.php" error="skip">
		<operation>
			<search position="end" />
			<add><![CDATA[
$txt['referrals_findreferrer'] = 'Zoek lid';
$txt['referrals_who'] = 'Lid Information';
$txt['referrals_who_description'] = 'Heeft iemand u verwezen naar deze site';
$txt['referrals_on'] = 'On';
$txt['referrals_referrer_not_found'] = 'De verwijzende gebruiker kon niet worden gevonden. Zoek nog een keer de naam van de verwijzer. Of laat het leeg.';
$txt['referrals_youwerereferred_by'] = 'Door';
$txt['referrals_referrals'] = 'Verwijzingen:';
$txt['referrals_referrals_hits'] = 'Verwijzing Link Hits:';
$txt['referrals_noneyet'] = 'Geen !';
$txt['referrals_top5referrers'] = 'Top 5 Verwijzingen (Door Verwijzingen)';
$txt['referrals_top5referrersbyposts'] = 'Top 5 Referrers (By Referred Members Posts)';
$txt['referrals_referralsstats'] = 'Verwijzingen';
$txt['referrals_referred_by'] = 'Verwezen Door:';
$txt['referrals_link'] = 'Verwijzings Link:';
$txt['referrals_membersreferred'] = 'Leden Verwezen';]]></add>
		</operation>
	</file>
</modification>