<?xml version="1.0"?>
<!DOCTYPE package-info SYSTEM "http://www.simplemachines.org/xml/package-info">
<package-info xmlns="http://www.simplemachines.org/xml/package-info" xmlns:smf="http://www.simplemachines.org/">
	<name>Referrals Mod</name>
	<id>yodaofdarkness:referrals</id>
	<type>modification</type>
	<version>2.2.7.2</version>

	<install for="1.1 - 1.1.99">
		<code>install_1-1.php</code>
		<modification type="file" format="xml">install_1-1.xml</modification>
		<modification type="file" format="xml">languages.xml</modification>
		<readme type="file" parsebbc="true">readme.txt</readme>
	</install>
	
	<uninstall for="1.1 - 1.1.99">
		<modification type="file" format="xml" reverse="true">install_1-1.xml</modification>
		<modification type="file" format="xml" reverse="true">languages.xml</modification>
	</uninstall>

	<install for="2.0 RC2">
		<database>install_2-0.php</database>
		<modification type="file" format="xml">install_2-0.xml</modification>
		<modification type="file" format="xml">languages.xml</modification>
		<require-file name="referrals.js" destination="$themedir/scripts" />
	</install>
	
	<uninstall for="2.0 RC2">
		<database>install_2-0.php</database>
		<modification type="file" format="xml" reverse="true">install_2-0.xml</modification>
		<modification type="file" format="xml" reverse="true">languages.xml</modification>
		<remove-file name="$themedir/scripts/referrals.js" />
	</uninstall>
	
	<upgrade from="2.2.7.1" for="2.0 RC2">
		<readme type="file" parsebbc="true">readme.txt</readme>
		<modification type="file" format="xml">upgrade_2-0.xml</modification>
	</upgrade>
	
	<upgrade from="2.2.7.1" for="1.1.11">
		<readme type="inline" parsebbc="true">There is no upgrade for this version.</readme>
	</upgrade>
	
</package-info>