<?xml version="1.0"?>
<!DOCTYPE modification SYSTEM "http://www.simplemachines.org/xml/modification">
<modification xmlns="http://www.simplemachines.org/xml/modification" xmlns:smf="http://www.simplemachines.org/">
	<name>Referrals Mod</name>
	<id>yodaofdarkness:referrals</id>
	<version>2.2.7.2</version>

	<file name="$themedir/Profile.template.php">
		<operation>
			<search position="replace"><![CDATA[				<dd>
						<a href="javascript:void(0);" rel="nofollow" onclick="return smfSelectText(this);" class="codeoperation" title="', $txt['code_select'], '">', $txt['code_select'], '</a>
						<input type="text" id="referral_link" value="', $scripturl, '?referredby=', $context['member']['id'], '" readonly="true" style="width:250px;" />
				</dd>';]]></search>
			<add><![CDATA[				<dd>
						<input type="text" onselect="this.select()" id="referral_link" value="', $scripturl, '?action=register;referredby=', $context['member']['id'], '" readonly="true" style="width:250px;" />
				</dd>';]]></add>
		</operation>
	</file>
	
</modification>
