<?xml version="1.0"?>
<!DOCTYPE modification SYSTEM "http://www.simplemachines.org/xml/modification">
<!-- - - - - - - - - - - - - - - - - - - - - - - - - - - - - - - - - - - - - - -
	This is an example modification file for SMF packages.

	ATTENTION: If you are trying to install this manually, you should try
	the package manager.  If it will not work for you, please take a look
	at the following for information on this format:
		http://mods.simplemachines.org/docs/manual-install.php

================================================================================

	Modification files can be used to modify files so that they do what
	your package needs them to do to work properly.

 - - - - - - - - - - - - - - - - - - - - - - - - - - - - - - - - - - - - - - -->

<modification xmlns="http://www.simplemachines.org/xml/modification" xmlns:smf="http://www.simplemachines.org/">
	<id>sium:postimage</id>
	<version>1.1.0</version>

	<file name="$themedir/GenericControls.template.php">
		<operation>
			<search position="replace"><![CDATA[<textarea]]></search>
			<add><![CDATA[&nbsp;&bull;&nbsp;<a href="javascript:void(0);" onclick="window.open(\'http://www.postimage.org/index.php?mode=smf&amp;lang=english&amp;forumurl=\' + escape(document.location.href), \'_imagehost\', \'resizable=yes,width=500,height=400\');return false;">Add image to post</a><br /><br /><textarea]]></add>
		</operation>
	</file>
</modification>
