<?xml version="1.0"?>
<!DOCTYPE modification SYSTEM "http://www.simplemachines.org/xml/modification">
<modification xmlns="http://www.simplemachines.org/xml/modification" xmlns:smf="http://www.simplemachines.org/">
	<id>snork13:PaypalDonations</id>
	<version>1.7</version>

	<file name="$boarddir/index.php">
		<operation>
			<search position="before"><![CDATA[
		'membergroups' => array('ManageMembergroups.php', 'ModifyMembergroups'),]]></search>
			<add><![CDATA[
		'paypal' => array('Paypal.php', 'Paypal'),]]></add>
		</operation>

	</file>

	

	<file name="$sourcedir/ManagePermissions.php">
		<operation>
			<search position="before"><![CDATA[
				'view_mlist' => false,
				'who_view' => false,
				'search_posts' => false,
				'karma_edit' => false,]]></search>
			<add><![CDATA[
				'payPal_view' => false,]]></add>
		</operation>

		<operation>
			<search position="before"><![CDATA[
		'profile_server_avatar',
		'profile_upload_avatar',
		'profile_remote_avatar',
		'profile_remove_own',]]></search>
			<add><![CDATA[
		'payPal_view',]]></add>
		</operation>
	</file>

	<file name="$sourcedir/ModSettings.php">
	
	<operation>
			<search position="replace"><![CDATA[require_once($sourcedir . '/ManageServer.php');

	$context['page_title'] = $txt['modSettings_title'];
	$context['sub_template'] = 'show_settings';

	$subActions = array(
		'basic' => 'ModifyBasicSettings',
		'layout' => 'ModifyLayoutSettings',
		'karma' => 'ModifyKarmaSettings',
	);]]></search>
			<add><![CDATA[require_once($sourcedir . '/ManageServer.php');

	$context['page_title'] = $txt['modSettings_title'];
	$context['sub_template'] = 'show_settings';

	$subActions = array(
		'basic' => 'ModifyBasicSettings',
		'layout' => 'ModifyLayoutSettings',
		'karma' => 'ModifyKarmaSettings',
		'paypal' => 'ModifypayPalSettings',
	);]]></add>
		</operation>
		
		<operation>
			<search position="replace"><![CDATA[function ModifyFeatureSettings2()
{
	global $context, $txt, $scripturl, $modSettings, $sourcedir;

	isAllowedTo('admin_forum');
	loadLanguage('ModSettings');

	// Quick session check...
	checkSession();

	require_once($sourcedir . '/ManageServer.php');

	$subActions = array(
		'basic' => 'ModifyBasicSettings',
		'layout' => 'ModifyLayoutSettings',
		'karma' => 'ModifyKarmaSettings',
	);

	// Default to core (I assume)
	$_REQUEST['sa'] = isset($_REQUEST['sa']) && isset($subActions[$_REQUEST['sa']]) ? $_REQUEST['sa'] : 'basic';

	// Actually call the saving function.
	$subActions[$_REQUEST['sa']]();
}]]></search>
			<add><![CDATA[function ModifyFeatureSettings2()
{
	global $context, $txt, $scripturl, $modSettings, $sourcedir;

	isAllowedTo('admin_forum');
	loadLanguage('ModSettings');

	// Quick session check...
	checkSession();

	require_once($sourcedir . '/ManageServer.php');

	$subActions = array(
		'basic' => 'ModifyBasicSettings',
		'layout' => 'ModifyLayoutSettings',
		'karma' => 'ModifyKarmaSettings',
		'paypal' => 'ModifypayPalSettings',
	);

	// Default to core (I assume)
	$_REQUEST['sa'] = isset($_REQUEST['sa']) && isset($subActions[$_REQUEST['sa']]) ? $_REQUEST['sa'] : 'basic';

	// Actually call the saving function.
	$subActions[$_REQUEST['sa']]();
}]]></add>
		</operation>

		<operation>
			<search position="replace"><![CDATA[
			'karma' => array(
				'title' => $txt['smf293'],
				'href' => $scripturl . '?action=featuresettings;sa=karma;sesc=' . $context['session_id'],
				'is_last' => true,
			),]]></search>
			<add><![CDATA[
			'karma' => array(
				'title' => $txt['smf293'],
				'href' => $scripturl . '?action=featuresettings;sa=karma;sesc=' . $context['session_id'],
			),
			'paypal' => array(
				'title' => $txt['payPalFO'],
				'href' => $scripturl . '?action=featuresettings;sa=paypal;sesc=' . $context['session_id'],
				'is_last' => true,
			),]]></add>
		</operation>

		<operation>
			<search position="before"><![CDATA[
	$context['post_url'] = $scripturl . '?action=featuresettings2;save;sa=karma';
	$context['settings_title'] = $txt['smf293'];

	prepareDBSettingContext($config_vars);
}
]]></search>
			<add><![CDATA[
function ModifypayPalSettings()
{
	global $txt, $scripturl, $context, $settings, $sc;

	$config_vars = array(
			// Paypal Donations - On or off?
			array('check', 'payPalEnable'),
		'',
			// Paypal key and Reason
			array('large_text', 'payPalReason','10'),
			array('large_text', 'payPalKey','8'),
            
	);

	// Saving?
	if (isset($_GET['save']))
	{
		saveDBSettings($config_vars);
		redirectexit('action=featuresettings;sa=paypal');
	}

	$context['post_url'] = $scripturl . '?action=featuresettings2;save;sa=paypal';
	$context['settings_title'] = $txt['payPalFO'];

	prepareDBSettingContext($config_vars);
}
]]></add>
		</operation>
	</file>

	
	<file name="$themedir/index.template.php">
		<operation>
			<search position="replace"><![CDATA[
function template_menu()
{
	global $context, $settings, $options, $scripturl, $txt;
]]></search>
			<add><![CDATA[
function template_menu()
{
	global $context, $settings, $options, $scripturl, $txt, $modSettings;
]]></add>
		</operation>

		<operation>
			<search position="before"><![CDATA[
	if ($context['current_action'] == 'search2')
		$current_action = 'search';
]]></search>
			<add><![CDATA[
	if ($context['current_action'] == 'paypal')
		$current_action = 'paypal';
]]></add>
		</operation>

		<operation>
			<search position="before"><![CDATA[
	// The [calendar]!
	if ($context['allow_calendar'])
		echo ($current_action == 'calendar' || $context['browser']['is_ie4']) ? '<td class="maintab_active_' . $first . '">&nbsp;</td>' : '' , '
				<td valign="top" class="maintab_' , $current_action == 'calendar' ? 'active_back' : 'back' , '">
					<a href="', $scripturl, '?action=calendar">' , $txt['calendar24'] , '</a>
				</td>' , $current_action == 'calendar' ? '<td class="maintab_active_' . $last . '">&nbsp;</td>' : '';
]]></search>
			<add><![CDATA[
	// Paypal Mod
	if (($modSettings['payPalEnable']) && (allowedTo('payPal_view')))
		echo ($current_action == 'paypal' || $context['browser']['is_ie4']) ? '<td class="maintab_active_' . $first . '">&nbsp;</td>' : '' , '
				<td valign="top" class="maintab_' , $current_action == 'paypal' ? 'active_back' : 'back' , '">
					<a href="', $scripturl, '?action=paypal">' , $txt['payPal'] , '</a>
				</td>' , $current_action == 'paypal' ? '<td class="maintab_active_' . $last . '">&nbsp;</td>' : '';
]]></add>
		</operation>
	</file>


	<file name="$themedir/languages/Modifications.english.php">
		<operation>
			<search position="after"><![CDATA[?>]]></search>
			<add><![CDATA[
$txt['payPal'] = 'Donations';
$txt['paypal'] = 'Donations';
$txt['cannot_payPal_view'] = 'Sorry, you\'re not allowed to view the Donation Page.';
$txt['permissionname_payPal_view'] = 'View Donation Page';
$txt['permissionhelp_payPal_view'] = 'Allow the people to view the Donation Page.  If not set, the people will not see the page.';
]]></add>
		</operation>
	</file>
	
	<file name="$themedir/languages/Modifications.french.php">
		<operation>
			<search position="after"><![CDATA[?>]]></search>
			<add><![CDATA[
$txt['payPal'] = 'Dons';
$txt['paypal'] = 'Dons';
$txt['cannot_payPal_view'] = 'D&eacute;sol&eacute;, vous n\'&ecirc;tes pas autoris&eacute; &agrave; voir la page des dons.';
$txt['permissionname_payPal_view'] = 'Voir la page des dons';
$txt['permissionhelp_payPal_view'] = 'Permet aux gens de voir la page des dons. Si ce n\'est pas r&eacute;gl&eacute;, les gens ne verront pas la page.';
]]></add>
		</operation>
	</file>

	<file name="$themedir/languages/ModSettings.english.php">
		<operation>
			<search position="before"><![CDATA[
$txt['karmaLabel'] = 'Karma label';
$txt['karmaApplaudLabel'] = 'Karma applaud label';
$txt['karmaSmiteLabel'] = 'Karma smite label';
]]></search>
			<add><![CDATA[
$txt['payPalEnable'] = 'Enable the Donation';
$txt['payPalKey'] = 'Paypal Form (html)';
$txt['payPalReason'] = 'Reason For Donation';
$txt['payPalFO'] = 'Donations';
]]></add>
		</operation>
	</file>
	
	<file name="$themedir/languages/ModSettings.french.php">
		<operation>
			<search position="before"><![CDATA[
$txt['karmaLabel'] = 'Label \'Karma\'';
$txt['karmaApplaudLabel'] = 'Label positif';
$txt['karmaSmiteLabel'] = 'Label n&eacute;gatif';
]]></search>
			<add><![CDATA[
$txt['payPalEnable'] = 'Activer le don';
$txt['payPalKey'] = 'Formulaire Paypal (html)';
$txt['payPalReason'] = 'Raison du don';
$txt['payPalFO'] = 'Dons';
]]></add>
		</operation>
	</file>

	<file name="$themedir/languages/Who.english.php">
		<operation>
			<search position="before"><![CDATA[
$txt['whoall_.xml'] = 'Viewing an XML feed.';
]]></search>
			<add><![CDATA[
$txt['whoall_paypal'] = 'Viewing the <a href="' . $scripturl . '?action=paypal">Donations</a>.';
]]></add>
		</operation>
	</file>
	
	<file name="$themedir/languages/Who.french.php">
		<operation>
			<search position="before"><![CDATA[
$txt['whoall_.xml'] = 'T&eacute;l&eacute;charge un flux XML/RSS du forum.';
]]></search>
			<add><![CDATA[
$txt['whoall_paypal'] = 'Voir les <a href="' . $scripturl . '?action=paypal">Dons</a>.';
]]></add>
		</operation>
	</file>

</modification>
