<?xml version="1.0"?>
<!DOCTYPE modification SYSTEM "http://www.simplemachines.org/xml/modification">
<modification xmlns="http://www.simplemachines.org/xml/modification" xmlns:smf="http://www.simplemachines.org/">
	<id>snork13:PaypalDonations</id>
	<version>2.0</version>

	<file name="$boarddir/index.php">
		<operation>
			<search position="before"><![CDATA['openidreturn' => array('Subs-OpenID.php', 'smf_openID_return'),]]></search>
			<add><![CDATA['paypal' => array('Paypal.php', 'Paypal'),]]></add>
		</operation>

	</file>

	

	<file name="$sourcedir/ManagePermissions.php">
		<operation>
			<search position="before"><![CDATA['karma_edit' => array(false, 'general', 'moderate_general'),]]></search>
			<add><![CDATA['payPal_view' => array(false, 'general', 'view_basic_info'),]]></add>
		</operation>

		<operation>
			<search position="before"><![CDATA['karma_edit',]]></search>
			<add><![CDATA['payPal_view',]]></add>
		</operation>
	</file>
	
	<file name="$sourcedir/Admin.php">
		<operation>
			<search position="before"><![CDATA['general' => array($txt['mods_cat_modifications_misc']),]]></search>
			<add><![CDATA['paypal' => array($txt['paypal_title']),]]></add>
		</operation>
		
	</file>
	
	<file name="$sourcedir/Subs.php">
		<operation>
			<search position="before"><![CDATA[elseif ($context['current_action'] == 'search2')
		$current_action = 'search';]]></search>
			<add><![CDATA[elseif ($context['current_action'] == 'paypal')
		$current_action = 'paypal';]]></add>
		</operation>
		
		<operation>
			<search position="before"><![CDATA[context['allow_search'] = allowedTo('search_posts');]]></search>
			<add><![CDATA[$context['allow_paypal'] = allowedTo('payPal_view');]]></add>
		</operation>
		
		<operation>
			<search position="before"><![CDATA['search' => array(
				'title' => $txt['search'],
				'href' => $scripturl . '?action=search',
				'show' => $context['allow_search'],
				'sub_buttons' => array(
				),
			),]]></search>
			<add><![CDATA['paypal' => array(
				'title' => $txt['paypal'],
				'href' => $scripturl . '?action=paypal',
				'show' => $context['allow_paypal'],
				'sub_buttons' => array(
				),
			),]]></add>
		</operation>
		
	</file>

	<file name="$sourcedir/ManageSettings.php">
	
	<operation>
			<search position="before"><![CDATA['general' => 'ModifyGeneralModSettings',]]></search>
			<add><![CDATA['paypal' => 'ModifypaypalSettings',]]></add>
		</operation>
		
		<operation>
			<search position="before"><![CDATA['general' => array(
			),]]></search>
			<add><![CDATA['paypal' => array(
			),]]></add>
		</operation>

		<operation>
			<search position="after"><![CDATA[function ModifyBasicSettings($return_config = false)]]></search>
			<add><![CDATA[
function ModifypaypalSettings()
{
	global $txt, $scripturl, $context, $settings, $sc;

	$config_vars = array(
			// Paypal Donations - On or off?
			array('check', 'payPalEnable'),
		'',
			// Paypal key and Reason
			array('large_text', 'payPalReason','10'),
			array('large_text', 'payPalKey','8'),
            
	);

	// Saving?
	if (isset($_GET['save']))
	{
		checkSession();

		saveDBSettings($config_vars);

		writeLog();
		redirectexit('action=admin;area=modsettings;sa=paypal');
	}

	$context['post_url'] = $scripturl . '?action=admin;area=modsettings;save;sa=paypal';
	$context['settings_title'] = $txt['payPalFO'];

	prepareDBSettingContext($config_vars);
}
]]></add>
		</operation>
	</file>

	
	<file name="$themedir/index.template.php">
		<operation>
			<search position="replace"><![CDATA[
function template_menu()
{
	global $context, $settings, $options, $scripturl, $txt;
]]></search>
			<add><![CDATA[
function template_menu()
{
	global $context, $settings, $options, $scripturl, $txt, $modSettings;
]]></add>
		</operation>

	</file>
	

	<file name="$themedir/languages/Admin.english.php">
		<operation>
			<search position="before"><![CDATA[$txt['pruning_title'] = 'Log Pruning';]]></search>
			<add><![CDATA[$txt['paypal_title'] = 'Donations';]]></add>
		</operation>
	</file>

	<file name="$themedir/languages/ManageSettings.english.php">
		<operation>
			<search position="before"><![CDATA[
$txt['karmaLabel'] = 'Karma label';
$txt['karmaApplaudLabel'] = 'Karma applaud label';
$txt['karmaSmiteLabel'] = 'Karma smite label';
]]></search>
			<add><![CDATA[
$txt['payPalEnable'] = 'Enable the Donation';
$txt['payPalKey'] = 'Paypal Form (html)';
$txt['payPalReason'] = 'Reason For Donation';
$txt['payPalFO'] = 'Donations';
]]></add>
		</operation>
	</file>
	
	<file name="$themedir/languages/ManageSettings.french.php">
		<operation>
			<search position="before"><![CDATA[
$txt['karmaLabel'] = 'Label \'Karma\'';
$txt['karmaApplaudLabel'] = 'Label positif';
$txt['karmaSmiteLabel'] = 'Label n&eacute;gatif';
]]></search>
			<add><![CDATA[
$txt['payPalEnable'] = 'Activer le don';
$txt['payPalKey'] = 'Formulaire Paypal (html)';
$txt['payPalReason'] = 'Raison du don';
$txt['payPalFO'] = 'Dons';
]]></add>
		</operation>
	</file>
	
	<file name="$themedir/languages/Modifications.english.php">
		<operation>
			<search position="after"><![CDATA[?>]]></search>
			<add><![CDATA[
$txt['paypal'] = 'Donations';
$txt['cannot_payPal_view'] = 'Sorry, you\'re not allowed to view the Donation Page.';
$txt['permissionname_payPal_view'] = 'View Donation Page';
$txt['permissionhelp_payPal_view'] = 'Allow the people to view the Donation Page.  If not set, the people will not see the page.';
$txt['DonationsNotEnabled'] = 'Sorry, the donation page is not enabled at the moment. Please check back later.';
]]></add>
		</operation>
	</file>
	
	<file name="$themedir/languages/Modifications.french.php">
		<operation>
			<search position="after"><![CDATA[?>]]></search>
			<add><![CDATA[
$txt['payPal'] = 'Dons';
$txt['paypal'] = 'Dons';
$txt['cannot_payPal_view'] = 'D&eacute;sol&eacute;, vous n\'&ecirc;tes pas autoris&eacute; &agrave; voir la page des dons.';
$txt['permissionname_payPal_view'] = 'Voir la page des dons';
$txt['permissionhelp_payPal_view'] = 'Permet aux gens de voir la page des dons. Si ce n\'est pas r&eacute;gl&eacute;, les gens ne verront pas la page.';
]]></add>
		</operation>
	</file>
	

	<file name="$themedir/languages/Who.english.php">
		<operation>
			<search position="before"><![CDATA[
$txt['whoall_.xml'] = 'Viewing an XML feed.';
]]></search>
			<add><![CDATA[
$txt['whoall_paypal'] = 'Viewing the <a href="' . $scripturl . '?action=paypal">Donations</a>.';
]]></add>
		</operation>
	</file>
	
	<file name="$themedir/languages/Who.french.php">
		<operation>
			<search position="before"><![CDATA[
$txt['whoall_.xml'] = 'T&eacute;l&eacute;charge un flux XML/RSS du forum.';
]]></search>
			<add><![CDATA[
$txt['whoall_paypal'] = 'Voir les <a href="' . $scripturl . '?action=paypal">Dons</a>.';
]]></add>
		</operation>
	</file>

</modification>
