<?xml version="1.0"?>
<!DOCTYPE package-info SYSTEM "http://www.simplemachines.org/xml/package-info">
<!-- - - - - - - - - - - - - - - - - - - - - - - - - - - - - - - - - - - - - - -
	This is a simplified package manifest for SMF packages.

	ATTENTION: If you are trying to install this manually, you should try
	the package manager.  If it will not work for you, please take a look
	at the following for information on this format:
		http://mods.simplemachines.org/docs/manual-install.php

================================================================================

	This script can be used to make your package do many different things.
	The following documentation should be available on the format of this
	file and the things you can do with it:
		http://mods.simplemachines.org/docs/package-info.php

	Please see the other included file, package-info_advanced.xml, for
	a more detailed description of what you can do with this file.

 - - - - - - - - - - - - - - - - - - - - - - - - - - - - - - - - - - - - - - -->

<package-info xmlns="http://www.simplemachines.org/xml/package-info" xmlns:smf="http://www.simplemachines.org/">
	<!-- For the id, always use something unique - put your name, a colon, and then the package name. -->
	<id>snork13:PaypalDonations</id>
	<!-- Below should be the name of this package. -->
	<name>PaypalDonations</name>
	<!-- The version of this modification.  Keep it numeric so PHP can tell that old < new. -->
	<version>2.0</version>

	<!-- Type, one of: modification, avatar, language. -->
	<type>modification</type>

	<!-- Installation, the key part of this file. -->
	
	<install for="1.1.10">
		<modification>modification_1_1_x.xml</modification>
		<require-file name="Themes/Paypal.template.php" destination="$themedir" />
		<require-file name="Sources/Paypal.php" destination="$sourcedir" />
		<code>add_settings_1_1_x.php</code>
	</install>

	<!-- Don't forget something to make it uninstallable! -->
	<uninstall for="1.1.10">
		<modification reverse="true">modification_1_1_x.xml</modification>
	</uninstall>
	
	<install for="2.0 RC1.2">
		<modification>modification_2_0_x.xml</modification>
		<require-file name="Themes/Paypal.template.php" destination="$themedir" />
		<require-file name="Sources/Paypal.php" destination="$sourcedir" />
		<code>add_settings_2_0_x.php</code>
	</install>

	<!-- Don't forget something to make it uninstallable! -->
	<uninstall for="2.0 RC1.2">
		<modification reverse="true">modification_2_0_x.xml</modification>
	</uninstall>
</package-info>
